session_id,length
62fb0eb0-c69f-4301-a7a6-5d6fe7d7f516,1316
87186ff7-43e6-49f3-9f65-c75e6154515b,891
8939dfad-d51f-44ad-8c50-bd1ebe100a71,227
6ec92418-0b4f-468d-83ac-499cc940a566,183
75e37b2a-2c83-4123-99c5-90a06ed9ca1c,155
38c6f252-1945-4801-814a-c75840fdcef1,150
ac472bfb-2255-45e4-ac65-7a9097c6f8ad,139
4344c67f-d6e9-4142-99ab-0ecd3dc31d33,137
3bd4623a-e84f-4c4a-83a5-b6f0ede15258,119
d5fc8dd0-fa53-4195-accb-3b5bd249a876,116
f8700edb-6e70-4a75-b972-bb407974327d,112
de9f2ec7-240a-43d9-a16e-fe5aa9dd744d,101
b365578e-5451-42a4-a3dd-3952b6e07d5d,100
b9aa2da0-cbcf-4edc-bd6a-3457afee8680,87
7af98a9d-8a8b-4c78-9553-c3815e5d9f07,82
f1d12e22-ef06-493d-97e7-6cc5aa9ad86d,76
4e0fed97-dc74-4f5d-9eec-d649f8fde489,71
51103c13-7ae7-4008-b600-4f89f5d94219,67
fb56d51e-78c5-493c-b85c-ec3d4e86d47e,65
08a47b6e-271a-42e7-9d33-35d2fba97176,61
c999f1a9-8b39-434e-9084-42c411a08f9a,57
6815522b-6f6e-455b-b115-41fa3438245c,47
4641ee55-8750-47f9-af8c-97df418c4285,41
e62a58bb-dac5-4dea-bf32-89d533dcd2aa,21
374c257f-53c6-4044-8614-a055ed616c00,17
b2718b62-d35a-43d6-b13c-8d07aee6524c,13
fdb238a7-9990-4638-a820-52e71f7a8214,12
4413b397-6996-4f7a-8494-c2c105f69a85,8
8a86d2a5-c563-40a8-b51f-2cb2897cacf4,4
0b19519f-bb1a-4c59-91cb-2394cf0551e3,4
7011b65c-5f92-4987-bf11-33e4674bacac,3
9df05f31-0432-4345-b5b2-2619899221f2,3
test-session-001,2
af77bb43-e98e-4f06-8957-8a2a0176e094,2
9ae8c9c9-4b89-41a5-aed4-e6fba4193b99,2
ddde88d6-7725-407b-989a-597b7cd36476,2
3a0e5f88-8e9b-4f9f-9a8e-1a6d4ccc4db9,1
